contact_id,first_name,last_name,email
4661,"Baldwin,",Riley and Jackson,contact4661@example.com
3765,Odom,Inc,contact3765@example.com
4187,"Melton,",Robinson and Fritz,contact4187@example.com
4941,"Mcdonald,",Gonzalez and Ross,contact4941@example.com
2199,Larson-Little,,contact2199@example.com
5650,Harris,Group,contact5650@example.com
5889,"Ortiz,",Coleman and Mitchell,contact5889@example.com
4842,Carter-Guzman,,contact4842@example.com
3280,Nunez-Richards,,contact3280@example.com
5468,"Rangel,",Holt and Jones,contact5468@example.com
3064,Green,Ltd,contact3064@example.com
4904,"Perez,",Johnson and Gardner,contact4904@example.com
1299,Kim,Ltd,contact1299@example.com
5602,"Walker,",Taylor and Coleman,contact5602@example.com
5753,"Rodriguez,",Rose and Stewart,contact5753@example.com
4495,"Wright,",Hunt and Rowe,contact4495@example.com
4269,Hines,Inc,contact4269@example.com
2226,Cochran-Nguyen,,contact2226@example.com
1558,Johnson-Gould,,contact1558@example.com
2307,Perez-Hess,,contact2307@example.com
2900,"Reeves,",Thompson and Richardson,contact2900@example.com
5695,Simmons-Reynolds,,contact5695@example.com
5708,Collier,Inc,contact5708@example.com
1663,Gray-Jenkins,,contact1663@example.com
3605,"Scott,",Wilson and Martin,contact3605@example.com
4678,"Caldwell,",Velazquez and Wilson,contact4678@example.com
2251,Spencer-Bates,,contact2251@example.com
6202,"Best,",Carr and Williams,contact6202@example.com
3715,"Campbell,",Brown and Powell,contact3715@example.com
4242,"Johnson,",Parker and Haynes,contact4242@example.com
4326,Clark-Cooke,,contact4326@example.com
5560,Schroeder,Ltd,contact5560@example.com
4002,Jackson,PLC,contact4002@example.com
3813,"Blair,",Collins and Carter,contact3813@example.com
5336,Maldonado,and Sons,contact5336@example.com
4994,Mitchell,and Sons,contact4994@example.com
1471,Jackson-Lewis,,contact1471@example.com
4482,"Black,",Armstrong and Anderson,contact4482@example.com
3241,Maldonado-Gonzalez,,contact3241@example.com
3477,Kim-Rice,,contact3477@example.com
2265,"Garcia,",Garcia and Lopez,contact2265@example.com
5911,Watts,Group,contact5911@example.com
2288,Werner-Bryant,,contact2288@example.com
4064,Schmitt-Mendoza,,contact4064@example.com
1294,Reid-Mccullough,,contact1294@example.com
5008,Woods-Clark,,contact5008@example.com
3604,"Vaughn,",Hunt and Caldwell,contact3604@example.com
3263,Bennett,and Sons,contact3263@example.com
5631,Lamb,Inc,contact5631@example.com
2851,Casey-Kelly,,contact2851@example.com
3714,"Jones,",Taylor and Moore,contact3714@example.com
1664,"Bradshaw,",Gill and Donovan,contact1664@example.com
5027,"Hernandez,",Rodriguez and Clark,contact5027@example.com
3070,Smith-Jones,,contact3070@example.com
4248,Roy,PLC,contact4248@example.com
2034,"Wright,",Brooks and Villarreal,contact2034@example.com
4085,"Flores,",Miller and Johnson,contact4085@example.com
3569,"Bridges,",Freeman and Kim,contact3569@example.com
3889,Anderson-Perez,,contact3889@example.com
3136,"Wright,",Fox and Marks,contact3136@example.com
2103,Crawford-Peters,,contact2103@example.com
2329,Romero-Hoffman,,contact2329@example.com
3325,Sparks-West,,contact3325@example.com
3131,"Baker,",Morgan and Brown,contact3131@example.com
4995,Mosley-Gilbert,,contact4995@example.com
3631,Berry-Boyer,,contact3631@example.com
5373,Sanders-Allen,,contact5373@example.com
3126,Lopez,Inc,contact3126@example.com
2194,Moreno-Turner,,contact2194@example.com
2906,Jones-Watson,,contact2906@example.com
2611,Barker,Inc,contact2611@example.com
2374,"Tate,",Bass and House,contact2374@example.com
3254,"Hampton,",Lewis and Ray,contact3254@example.com
3571,Collins-Goodman,,contact3571@example.com
2812,Davis-Michael,,contact2812@example.com
3961,"White,",Torres and Bishop,contact3961@example.com
3872,"Martin,",Conway and Larsen,contact3872@example.com
4736,Acevedo-Huffman,,contact4736@example.com
5119,"Montgomery,",Larson and Spencer,contact5119@example.com
5725,Soto,LLC,contact5725@example.com
4037,"Sutton,",Barrett and Tucker,contact4037@example.com
2109,"Gomez,",Bailey and Flores,contact2109@example.com
3283,Porter-George,,contact3283@example.com
6181,Fitzgerald,PLC,contact6181@example.com
3251,Cisneros-Burton,,contact3251@example.com
3443,"Hill,",Lawson and Wilkinson,contact3443@example.com
2988,Davis-Smith,,contact2988@example.com
1673,Farrell,and Sons,contact1673@example.com
2085,Clark,Group,contact2085@example.com
1672,"White,",Singleton and Zimmerman,contact1672@example.com
4426,Kramer,Group,contact4426@example.com
3211,"Frazier,",Patrick and Smith,contact3211@example.com
3190,"Santos,",Bell and Lloyd,contact3190@example.com
2081,Hall,and Sons,contact2081@example.com
3185,Hanson,Inc,contact3185@example.com
5044,Sanchez,LLC,contact5044@example.com
1883,Howard,Ltd,contact1883@example.com
2067,Stewart,LLC,contact2067@example.com
4604,"Arias,",Allen and Miller,contact4604@example.com
3203,Baker-Morris,,contact3203@example.com
5758,"Tucker,",Fox and Green,contact5758@example.com
5755,Douglas,LLC,contact5755@example.com
5150,Garcia,Inc,contact5150@example.com
4181,"Frye,",Hunt and Powell,contact4181@example.com
3006,"Smith,",Wells and Nguyen,contact3006@example.com
4865,Charles-Johnson,,contact4865@example.com
2862,"Brandt,",Carter and Wood,contact2862@example.com
6070,"Tucker,",Schmidt and Reid,contact6070@example.com
5300,Decker,Inc,contact5300@example.com
3486,Romero,and Sons,contact3486@example.com
5989,Castillo-Carey,,contact5989@example.com
2849,Hart-Briggs,,contact2849@example.com
1612,Jones-Meyer,,contact1612@example.com
3307,"Wright,",Hartman and Yu,contact3307@example.com
5288,Harper-Davis,,contact5288@example.com
6026,Barrett,PLC,contact6026@example.com
2212,David-Clark,,contact2212@example.com
4591,Chaney-Dennis,,contact4591@example.com
2771,"Robinson,",Lopez and Christensen,contact2771@example.com
5682,Clark,and Sons,contact5682@example.com
5368,Vega,Group,contact5368@example.com
3706,Brown-Brown,,contact3706@example.com
4034,Taylor,PLC,contact4034@example.com
3209,Edwards-Lewis,,contact3209@example.com
2384,"Stanton,",Neal and Rodriguez,contact2384@example.com
3074,Pratt,LLC,contact3074@example.com
2031,Gross,PLC,contact2031@example.com
5873,"Martinez,",Gomez and Dalton,contact5873@example.com
5501,Allen-Curtis,,contact5501@example.com
3489,Morgan-Martinez,,contact3489@example.com
4210,"Luna,",Anderson and Fox,contact4210@example.com
6151,"Fleming,",Zhang and Henderson,contact6151@example.com
6047,Flowers,and Sons,contact6047@example.com
5445,Gates,PLC,contact5445@example.com
5493,Caldwell,LLC,contact5493@example.com
6036,"Le,",Burton and Evans,contact6036@example.com
2368,Briggs,PLC,contact2368@example.com
1501,Hudson-Nguyen,,contact1501@example.com
4351,Hogan,Ltd,contact4351@example.com
3096,"Hamilton,",Wright and Chavez,contact3096@example.com
6162,Bautista-Cross,,contact6162@example.com
1433,Jackson,LLC,contact1433@example.com
2720,Figueroa,Ltd,contact2720@example.com
5251,Avila-Jones,,contact5251@example.com
1797,"Martin,",Lopez and Hunter,contact1797@example.com
1656,Fields-Moore,,contact1656@example.com
1346,Harris-Golden,,contact1346@example.com
2989,"Moss,",Norman and Dunlap,contact2989@example.com
5629,"White,",Larson and Wright,contact5629@example.com
3456,"Payne,",Oliver and Burch,contact3456@example.com
3229,"Brown,",Palmer and Pace,contact3229@example.com
2277,Parker,LLC,contact2277@example.com
1276,"Bowen,",Mcdonald and Hall,contact1276@example.com
3694,"Whitehead,",Bell and Hughes,contact3694@example.com
2260,Rodriguez-Brown,,contact2260@example.com
5374,Hall-Schaefer,,contact5374@example.com
4420,Meza-Rogers,,contact4420@example.com
3849,Curtis-Curtis,,contact3849@example.com
1638,Carlson,Inc,contact1638@example.com
5230,"Clarke,",Anderson and Lee,contact5230@example.com
1763,Evans,Group,contact1763@example.com
4323,Bruce,Group,contact4323@example.com
5256,"Keith,",Alvarez and Potter,contact5256@example.com
4836,Burton-Watkins,,contact4836@example.com
5981,Lopez,and Sons,contact5981@example.com
1463,Cordova,Ltd,contact1463@example.com
4577,Brown-Vang,,contact4577@example.com
4951,Cruz-Ward,,contact4951@example.com
3567,Hernandez,Group,contact3567@example.com
5475,"Tran,",Steele and Wilson,contact5475@example.com
2114,"Summers,",Gallegos and Stein,contact2114@example.com
5216,Blair,Group,contact5216@example.com
1665,Nixon,Inc,contact1665@example.com
6051,White,LLC,contact6051@example.com
3983,"Santos,",Black and Donovan,contact3983@example.com
2966,"Jones,",Contreras and Burnett,contact2966@example.com
4478,Stone-Orozco,,contact4478@example.com
4238,"Lee,",Gibson and Morgan,contact4238@example.com
4404,Alexander-Williams,,contact4404@example.com
5666,Marks,Ltd,contact5666@example.com
3691,"Olsen,",Edwards and Reid,contact3691@example.com
2703,"Daniels,",Rose and Tyler,contact2703@example.com
4253,Adams,Group,contact4253@example.com
5652,"Rogers,",Huerta and Medina,contact5652@example.com
3279,"Howard,",Carter and Griffith,contact3279@example.com
3233,Bailey,PLC,contact3233@example.com
3017,Parker,Group,contact3017@example.com
3482,Fox,Group,contact3482@example.com
2166,"Walker,",Jones and Rodriguez,contact2166@example.com
4146,Anthony-Shaw,,contact4146@example.com
2651,Cook,LLC,contact2651@example.com
1409,Sutton,PLC,contact1409@example.com
3717,"Long,",Morgan and Mitchell,contact3717@example.com
3963,"Calhoun,",Rogers and Long,contact3963@example.com
2152,Sandoval,Group,contact2152@example.com
2974,Smith,and Sons,contact2974@example.com
1268,King,Inc,contact1268@example.com
1822,Perry,and Sons,contact1822@example.com
5066,Palmer,Inc,contact5066@example.com
5075,"Hull,",Baker and Martinez,contact5075@example.com
3855,"Becker,",Rice and White,contact3855@example.com
5923,"Osborne,",Perkins and Knox,contact5923@example.com
1867,Mcknight-Freeman,,contact1867@example.com
4376,"Hayden,",Shannon and Stein,contact4376@example.com
2785,Daniel-Luna,,contact2785@example.com
5884,Weaver-Marquez,,contact5884@example.com
2441,"Austin,",Baker and Kelley,contact2441@example.com
1243,Carney-Anderson,,contact1243@example.com
3411,Jackson,Inc,contact3411@example.com
2467,Warren,Ltd,contact2467@example.com
1850,Schultz,Inc,contact1850@example.com
2604,Thompson,LLC,contact2604@example.com
1693,Johnson,Inc,contact1693@example.com
2969,Morgan-Warren,,contact2969@example.com
1544,Sullivan,Group,contact1544@example.com
4149,"Vargas,",Banks and Palmer,contact4149@example.com
3463,"Johnson,",Dixon and Zimmerman,contact3463@example.com
2939,"Moore,",Dudley and Navarro,contact2939@example.com
2202,Price-Rodriguez,,contact2202@example.com
1728,Huang-Henderson,,contact1728@example.com
5362,Owens-Le,,contact5362@example.com
4840,Huff,LLC,contact4840@example.com
2955,Johnson,LLC,contact2955@example.com
5354,"Chavez,",Garcia and Cantu,contact5354@example.com
3847,Lester-Moore,,contact3847@example.com
3025,Fox-Quinn,,contact3025@example.com
1615,Garcia,Inc,contact1615@example.com
5154,Johnson-Lee,,contact5154@example.com
5005,Pineda,Group,contact5005@example.com
1349,Hoffman-Howard,,contact1349@example.com
3670,"Miranda,",Hall and Mcgrath,contact3670@example.com
2912,"Williams,",Carter and Gonzalez,contact2912@example.com
4336,Davis-Rodriguez,,contact4336@example.com
5576,"Reid,",Rivera and Perry,contact5576@example.com
2736,Mendoza-Parker,,contact2736@example.com
3321,"Lee,",Ali and Guzman,contact3321@example.com
3353,Gallegos-Cobb,,contact3353@example.com
2336,Ellison,PLC,contact2336@example.com
4369,"Bolton,",Sanchez and Carrillo,contact4369@example.com
4464,Mason-Sanders,,contact4464@example.com
5626,Pitts-Reed,,contact5626@example.com
1669,Gonzalez-Martinez,,contact1669@example.com
5544,"Hill,",Martin and Garcia,contact5544@example.com
6078,Garcia,PLC,contact6078@example.com
2580,Herring-Bailey,,contact2580@example.com
3592,Russell-Gardner,,contact3592@example.com
4914,Walters-Carter,,contact4914@example.com
3848,"Johnson,",Patterson and Montoya,contact3848@example.com
2619,Roberts,and Sons,contact2619@example.com
4605,Avila-Nelson,,contact4605@example.com
6147,Robbins,and Sons,contact6147@example.com
1383,Singleton,Ltd,contact1383@example.com
1757,Perez,PLC,contact1757@example.com
4390,"Rogers,",Jacobs and Jackson,contact4390@example.com
4165,Barry,Group,contact4165@example.com
4529,"Rosales,",Branch and Harmon,contact4529@example.com
6084,Smith-Reid,,contact6084@example.com
2916,Williams,Inc,contact2916@example.com
2005,"Duncan,",Mcdonald and Miller,contact2005@example.com
2261,Watkins,Ltd,contact2261@example.com
5342,Allen-Jones,,contact5342@example.com
4087,Mason-Smith,,contact4087@example.com
2761,"Lloyd,",Kennedy and Davis,contact2761@example.com
2908,Walker,Ltd,contact2908@example.com
2155,Gordon,PLC,contact2155@example.com
5642,Lee,and Sons,contact5642@example.com
6217,Cole,LLC,contact6217@example.com
4222,Acosta,PLC,contact4222@example.com
4798,Brown-Mckee,,contact4798@example.com
5660,Miles,and Sons,contact5660@example.com
5000,"Sawyer,",Horton and Williams,contact5000@example.com
2809,Foley-Cox,,contact2809@example.com
3349,"Horton,",Morrison and Clark,contact3349@example.com
3647,Thomas,and Sons,contact3647@example.com
5745,Morgan-Jenkins,,contact5745@example.com
2583,"Ward,",Sanchez and Kemp,contact2583@example.com
5441,Fields,Ltd,contact5441@example.com
2090,Ramos-Mitchell,,contact2090@example.com
3386,"Higgins,",Davis and Salazar,contact3386@example.com
1816,Smith-Jenkins,,contact1816@example.com
4718,Braun,PLC,contact4718@example.com
1677,Drake,PLC,contact1677@example.com
4218,"Ross,",Kelly and Brown,contact4218@example.com
4548,Lucas-Mullins,,contact4548@example.com
1431,Tran,LLC,contact1431@example.com
2830,"Dawson,",Brady and Gilbert,contact2830@example.com
4400,Obrien-Aguirre,,contact4400@example.com
5773,Ferguson,PLC,contact5773@example.com
4161,Garcia,Ltd,contact4161@example.com
2062,"Smith,",Love and Smith,contact2062@example.com
3458,"Wilson,",Hall and Osborne,contact3458@example.com
3174,"Bell,",Grimes and Kerr,contact3174@example.com
5565,Ho-Harris,,contact5565@example.com
1906,Ross,Group,contact1906@example.com
5479,Turner-Davis,,contact5479@example.com
4320,"Smith,",Jackson and Herrera,contact4320@example.com
4213,Smith-Hess,,contact4213@example.com
3373,"Brown,",Herring and Bass,contact3373@example.com
4184,"Chase,",Garcia and Johnson,contact4184@example.com
5472,Ramsey,and Sons,contact5472@example.com
5559,Cooke,PLC,contact5559@example.com
5419,Wong-Walker,,contact5419@example.com
4171,"Ferguson,",Collins and Mata,contact4171@example.com
1302,"Guerrero,",Flores and Jenkins,contact1302@example.com
3520,Peterson,PLC,contact3520@example.com
6010,Townsend,Ltd,contact6010@example.com
4617,"Rush,",Reed and Hall,contact4617@example.com
1417,Salazar-Dodson,,contact1417@example.com
4770,Davis,Ltd,contact4770@example.com
4328,Harris-Perry,,contact4328@example.com
5171,"Velazquez,",Hunt and Ortiz,contact5171@example.com
4394,Flores,PLC,contact4394@example.com
1794,Martinez,LLC,contact1794@example.com
3510,Miller-Irwin,,contact3510@example.com
2487,Sanchez-Morgan,,contact2487@example.com
2215,"Lopez,",Adams and Johnson,contact2215@example.com
4136,Martin-Marshall,,contact4136@example.com
3723,Summers,PLC,contact3723@example.com
5842,"Young,",Hart and Ryan,contact5842@example.com
3289,Mills,Group,contact3289@example.com
1249,Sandoval-Powell,,contact1249@example.com
5409,"Mills,",Frazier and Perez,contact5409@example.com
2951,Hebert,Group,contact2951@example.com
3432,"Cole,",Smith and Wood,contact3432@example.com
2297,"Harris,",Hall and Harris,contact2297@example.com
6161,Saunders,Group,contact6161@example.com
4603,"Pham,",Avila and Nash,contact4603@example.com
5818,"Patterson,",Salinas and Lucas,contact5818@example.com
4270,Young,PLC,contact4270@example.com
6007,Willis,and Sons,contact6007@example.com
4084,Thompson-Bates,,contact4084@example.com
1340,Rose-Silva,,contact1340@example.com
5675,"Pacheco,",Johnson and Torres,contact5675@example.com
2010,"Carlson,",Dixon and Jones,contact2010@example.com
6201,Mcgee,Group,contact6201@example.com
1791,Jordan-Acosta,,contact1791@example.com
3314,Nunez,Inc,contact3314@example.com
5852,Hayden,Ltd,contact5852@example.com
4618,Gonzalez-Burton,,contact4618@example.com
2618,"Lewis,",Taylor and Rivers,contact2618@example.com
4967,"Butler,",Henry and Espinoza,contact4967@example.com
4594,Guzman,Group,contact4594@example.com
2080,Gibson-Hernandez,,contact2080@example.com
2793,Spencer-Weber,,contact2793@example.com
4890,"Berger,",Johnson and Marshall,contact4890@example.com
3528,"Taylor,",Cisneros and Romero,contact3528@example.com
5810,Little-Marsh,,contact5810@example.com
5720,Petersen,and Sons,contact5720@example.com
4593,Hensley,Ltd,contact4593@example.com
3186,Navarro,and Sons,contact3186@example.com
5136,Shannon,Ltd,contact5136@example.com
2646,Young,LLC,contact2646@example.com
3460,"Adams,",Willis and Sanchez,contact3460@example.com
4345,Mills-Roy,,contact4345@example.com
2690,Brown,Group,contact2690@example.com
4025,Burns-Burnett,,contact4025@example.com
4524,"Glass,",Nunez and Mcdonald,contact4524@example.com
3978,"Perez,",Davis and Wilson,contact3978@example.com
3910,Diaz-Garcia,,contact3910@example.com
5825,Salazar-Moon,,contact5825@example.com
3564,Larsen-Chung,,contact3564@example.com
2396,Anderson,and Sons,contact2396@example.com
2140,Lawrence,Group,contact2140@example.com
3079,Gray-Davis,,contact3079@example.com
2017,Ramirez-Myers,,contact2017@example.com
5444,"Lucas,",Hall and Bonilla,contact5444@example.com
2216,"Williams,",Perez and Villegas,contact2216@example.com
1241,"Brooks,",Jones and Ingram,contact1241@example.com
1484,"Whitaker,",Wallace and Daniels,contact1484@example.com
3475,Smith-Gonzalez,,contact3475@example.com
4333,Skinner,PLC,contact4333@example.com
5657,"Nolan,",Smith and Sanchez,contact5657@example.com
2527,Green-Carr,,contact2527@example.com
5967,Brown-Parker,,contact5967@example.com
5698,Marshall,Inc,contact5698@example.com
3331,Leblanc-Pineda,,contact3331@example.com
3841,Perry,PLC,contact3841@example.com
6105,"Klein,",Stark and Livingston,contact6105@example.com
3895,Fleming-Oliver,,contact3895@example.com
1891,"Reilly,",Aguirre and Johnson,contact1891@example.com
1281,"Davidson,",Wilcox and Lewis,contact1281@example.com
4186,"Michael,",Anderson and Vincent,contact4186@example.com
2511,King,Ltd,contact2511@example.com
4272,Baker,Ltd,contact4272@example.com
3533,"Baker,",Collins and Smith,contact3533@example.com
3618,Warren-Harrison,,contact3618@example.com
2177,Gardner,Group,contact2177@example.com
4102,Flores-Lambert,,contact4102@example.com
6089,Cruz,Ltd,contact6089@example.com
4701,Knox-Garner,,contact4701@example.com
5645,Davis-Allen,,contact5645@example.com
4499,Miller-Patel,,contact4499@example.com
3365,Hernandez-Grimes,,contact3365@example.com
2290,"Owens,",Hall and Gonzalez,contact2290@example.com
1890,Noble-Bailey,,contact1890@example.com
1304,Taylor,PLC,contact1304@example.com
3799,Holmes,PLC,contact3799@example.com
2749,Jones-Martin,,contact2749@example.com
2028,Myers,LLC,contact2028@example.com
2383,"Acosta,",Mullins and Morris,contact2383@example.com
5721,Bell,PLC,contact5721@example.com
1394,Smith-Schmidt,,contact1394@example.com
3451,"Ruiz,",Richardson and Cole,contact3451@example.com
5512,Leonard-Mcclain,,contact5512@example.com
2453,Bailey-Boyer,,contact2453@example.com
6055,Lee,LLC,contact6055@example.com
5704,Lyons,Inc,contact5704@example.com
3707,Herrera-Wilson,,contact3707@example.com
2205,"Mahoney,",Adams and Lucas,contact2205@example.com
5976,Stewart,LLC,contact5976@example.com
3290,Mcmillan,Group,contact3290@example.com
4257,"Beck,",Thompson and Martinez,contact4257@example.com
4588,Rodriguez-Scott,,contact4588@example.com
4785,Rush-Bowers,,contact4785@example.com
3033,Davis,and Sons,contact3033@example.com
2779,Anderson-Pham,,contact2779@example.com
2131,Stewart-Coleman,,contact2131@example.com
6229,"Bradshaw,",Smith and Ryan,contact6229@example.com
3429,Jackson,PLC,contact3429@example.com
1613,Ware-Arias,,contact1613@example.com
4734,"Blair,",Reyes and Woods,contact4734@example.com
4439,Thomas-Lopez,,contact4439@example.com
1441,"Brown,",Davies and Pacheco,contact1441@example.com
5799,Jones-Riddle,,contact5799@example.com
1419,Schmidt-Gomez,,contact1419@example.com
3059,"Sullivan,",Davis and Booth,contact3059@example.com
3224,Edwards-Kane,,contact3224@example.com
3181,"Hicks,",Wall and Webb,contact3181@example.com
6061,Mayer-Richmond,,contact6061@example.com
4466,Robles,Ltd,contact4466@example.com
6081,Cochran,Ltd,contact6081@example.com
2159,Rosales,LLC,contact2159@example.com
3324,Harper-Bryan,,contact3324@example.com
3176,"Potter,",Harper and Everett,contact3176@example.com
5874,Floyd-Sims,,contact5874@example.com
5110,"Spence,",Jackson and Kelly,contact5110@example.com
5490,King-Nguyen,,contact5490@example.com
1922,Hansen,Group,contact1922@example.com
4398,"Mathis,",Hall and Hansen,contact4398@example.com
4754,Cummings,Inc,contact4754@example.com
3309,Miller-Poole,,contact3309@example.com
1244,Rodriguez-West,,contact1244@example.com
2892,"Calderon,",Bradford and Dean,contact2892@example.com
2777,Clark-Bowman,,contact2777@example.com
4952,Hensley,Ltd,contact4952@example.com
5144,Anderson-Pearson,,contact5144@example.com
5487,"Martin,",Martin and Solis,contact5487@example.com
1932,Harrington-Harper,,contact1932@example.com
3364,Price,and Sons,contact3364@example.com
5165,Cuevas-Morales,,contact5165@example.com
3858,Delgado-Hatfield,,contact3858@example.com
4666,Padilla-Porter,,contact4666@example.com
2896,Morris,Group,contact2896@example.com
4520,Saunders,Ltd,contact4520@example.com
5726,Woods,Inc,contact5726@example.com
5661,"Villanueva,",Wright and Richardson,contact5661@example.com
4765,"Wilson,",Brooks and Clark,contact4765@example.com
3710,"Sheppard,",Smith and Spence,contact3710@example.com
4925,"Wise,",Thompson and Allen,contact4925@example.com
1533,"Lane,",Ryan and Chapman,contact1533@example.com
5264,"Rich,",Alvarez and King,contact5264@example.com
4606,Terry-Salinas,,contact4606@example.com
2043,Wang-Rodriguez,,contact2043@example.com
3871,Mckee-Hill,,contact3871@example.com
6205,Gomez,LLC,contact6205@example.com
3193,Gonzalez-Robbins,,contact3193@example.com
1810,Obrien,and Sons,contact1810@example.com
4797,Shaw,Ltd,contact4797@example.com
1487,Hughes,Inc,contact1487@example.com
3474,Olsen-Ryan,,contact3474@example.com
5771,"Grimes,",Holland and Sloan,contact5771@example.com
6074,Perry,and Sons,contact6074@example.com
1568,"Turner,",Young and Collins,contact1568@example.com
4263,Richardson,Inc,contact4263@example.com
5850,Santos-Young,,contact5850@example.com
5619,Nichols,Ltd,contact5619@example.com
1904,Murphy,PLC,contact1904@example.com
5388,"Hogan,",Porter and Rivera,contact5388@example.com
2150,Lyons,LLC,contact2150@example.com
2653,Long-Greene,,contact2653@example.com
2687,Robles-Hudson,,contact2687@example.com
3779,Mcclure,LLC,contact3779@example.com
1494,"Martin,",Russell and Baker,contact1494@example.com
4129,Rice-Parker,,contact4129@example.com
3035,Landry,Inc,contact3035@example.com
2069,Richards-Davis,,contact2069@example.com
5469,"Davis,",Cox and Fox,contact5469@example.com
3903,Smith-Wallace,,contact3903@example.com
4083,"Cordova,",Shaw and Wang,contact4083@example.com
4003,Clark,Inc,contact4003@example.com
3565,Young,and Sons,contact3565@example.com
1640,Henson,PLC,contact1640@example.com
4769,Garcia,Group,contact4769@example.com
3398,"Adams,",Walker and Wong,contact3398@example.com
1865,Hopkins-Browning,,contact1865@example.com
5690,"Bell,",Edwards and Andersen,contact5690@example.com
3814,Morales,Group,contact3814@example.com
2942,Lucero,Group,contact2942@example.com
5095,"Smith,",Brown and Davis,contact5095@example.com
2878,Hunt,Group,contact2878@example.com
3697,Valdez,Ltd,contact3697@example.com
4744,Mccann-Le,,contact4744@example.com
2104,Johnson,Inc,contact2104@example.com
4883,Collins,LLC,contact4883@example.com
4807,Smith-Miller,,contact4807@example.com
1372,Jensen-Vargas,,contact1372@example.com
3666,"Robles,",Bell and Gonzalez,contact3666@example.com
2066,"Turner,",Miller and Francis,contact2066@example.com
1834,Roberts,Group,contact1834@example.com
5853,White,LLC,contact5853@example.com
2219,"Best,",Miller and Thomas,contact2219@example.com
4148,Smith-Mullins,,contact4148@example.com
4477,Williams-Walsh,,contact4477@example.com
1786,"Harrison,",Blackwell and Mendez,contact1786@example.com
3455,"Sanchez,",Bradley and Flores,contact3455@example.com
5707,Cox,LLC,contact5707@example.com
5470,Morales-Odonnell,,contact5470@example.com
3274,Ramirez,LLC,contact3274@example.com
4613,Ramirez,Group,contact4613@example.com
4465,Marsh-Coleman,,contact4465@example.com
1652,"Frederick,",Jenkins and Collins,contact1652@example.com
2100,Wilson,Ltd,contact2100@example.com
4321,"Cline,",Peterson and Lowery,contact4321@example.com
4168,"Underwood,",James and Jones,contact4168@example.com
3733,Johnson-Contreras,,contact3733@example.com
2594,"Greene,",Lloyd and Sims,contact2594@example.com
3909,Smith-Sparks,,contact3909@example.com
5179,Rosario-Smith,,contact5179@example.com
2228,"Avila,",Ford and Welch,contact2228@example.com
6222,Gallegos,Inc,contact6222@example.com
2354,"Morrow,",Santiago and Soto,contact2354@example.com
1725,Berry-Richardson,,contact1725@example.com
2960,Cordova-Torres,,contact2960@example.com
2077,"Holt,",Bernard and Johnson,contact2077@example.com
5662,"Clark,",Mccormick and Mendoza,contact5662@example.com
3481,Garrison,LLC,contact3481@example.com
2565,Shannon-Olson,,contact2565@example.com
4436,Murillo-Mcfarland,,contact4436@example.com
5072,"Young,",Gilbert and Escobar,contact5072@example.com
5200,"Thomas,",Welch and Santana,contact5200@example.com
4502,Brown-Pena,,contact4502@example.com
4945,"Holder,",Caldwell and Vance,contact4945@example.com
3012,Harrison-Bridges,,contact3012@example.com
6094,"Johnson,",Murphy and Peterson,contact6094@example.com
3815,Taylor,Inc,contact3815@example.com
4838,Deleon,and Sons,contact4838@example.com
3469,"Benjamin,",Paul and Ferguson,contact3469@example.com
4874,Hardin-Dixon,,contact4874@example.com
1792,York-Pitts,,contact1792@example.com
4356,Jarvis,and Sons,contact4356@example.com
6196,Morrison-Henderson,,contact6196@example.com
3578,Martin-James,,contact3578@example.com
4491,"Mercer,",Solomon and Singleton,contact4491@example.com
3054,"Dougherty,",Austin and Mills,contact3054@example.com
1968,Ritter,PLC,contact1968@example.com
5869,Anderson,Group,contact5869@example.com
5858,Smith,and Sons,contact5858@example.com
5203,Lam-Hamilton,,contact5203@example.com
2577,Ho,Ltd,contact2577@example.com
3216,"Brown,",Estrada and Jensen,contact3216@example.com
2037,Hunt,LLC,contact2037@example.com
3867,Fowler-Smith,,contact3867@example.com
5109,Blair,Inc,contact5109@example.com
1376,"Kelley,",Stanton and Sanchez,contact1376@example.com
5260,Hernandez-Macdonald,,contact5260@example.com
2350,Joseph,LLC,contact2350@example.com
2269,Webb-Smith,,contact2269@example.com
3650,Johns,PLC,contact3650@example.com
3934,Hardin-Foley,,contact3934@example.com
4048,"Fischer,",Fowler and Arnold,contact4048@example.com
4266,Martinez-Juarez,,contact4266@example.com
3863,Wilson,and Sons,contact3863@example.com
4922,Clements,Group,contact4922@example.com
4517,Valenzuela-Cook,,contact4517@example.com
3259,"Parker,",Haley and Foster,contact3259@example.com
3123,Fuentes,LLC,contact3123@example.com
3870,Moran,and Sons,contact3870@example.com
2996,Stevens,Inc,contact2996@example.com
2993,Martinez-Johnson,,contact2993@example.com
4556,Franklin,Inc,contact4556@example.com
2326,Perez,PLC,contact2326@example.com
4109,"Sanchez,",Cross and Savage,contact4109@example.com
5739,Pineda,Ltd,contact5739@example.com
5887,Powell,and Sons,contact5887@example.com
1651,Nunez-Richards,,contact1651@example.com
1628,Pugh,LLC,contact1628@example.com
2642,Rowe-Wong,,contact2642@example.com
6020,Williams-Santos,,contact6020@example.com
4747,Weber,Inc,contact4747@example.com
5534,"Avery,",Brown and Parker,contact5534@example.com
4790,Cox,Group,contact4790@example.com
4632,Jensen,LLC,contact4632@example.com
1952,Brown,Inc,contact1952@example.com
4388,Hale-Hayes,,contact4388@example.com
5529,Mcbride,PLC,contact5529@example.com
1316,Harris-Jennings,,contact1316@example.com
1670,Becker-Scott,,contact1670@example.com
4909,"Todd,",Freeman and Henry,contact4909@example.com
3401,"Martinez,",Garza and Young,contact3401@example.com
4619,Smith-Ramos,,contact4619@example.com
4722,Brown-George,,contact4722@example.com
2188,Waters,and Sons,contact2188@example.com
5497,Brown,Ltd,contact5497@example.com
5711,"Christian,",Yates and Greer,contact5711@example.com
4076,"Cole,",Hernandez and Rodriguez,contact4076@example.com
1847,"Ortiz,",Valenzuela and Collins,contact1847@example.com
2816,Valencia,PLC,contact2816@example.com
5019,"Gordon,",Mendez and Johnson,contact5019@example.com
4869,Johnson,Group,contact4869@example.com
3613,Rose-Fuller,,contact3613@example.com
3069,"Hughes,",Mendez and Patterson,contact3069@example.com
2601,"Brady,",Cortez and Rodriguez,contact2601@example.com
2133,"Wang,",Nguyen and Horton,contact2133@example.com
3164,"Santos,",Williams and Brown,contact3164@example.com
3897,Barnett,and Sons,contact3897@example.com
5663,Petersen-Rodriguez,,contact5663@example.com
3879,Burnett-Mora,,contact3879@example.com
5900,King,LLC,contact5900@example.com
2272,Miller,Ltd,contact2272@example.com
5436,Case,LLC,contact5436@example.com
3676,"Swanson,",Wilson and Baker,contact3676@example.com
4676,"Dean,",Fox and Phillips,contact4676@example.com
1563,Smith-Smith,,contact1563@example.com
4349,"Smith,",Scott and Rodriguez,contact4349@example.com
1658,"White,",Robertson and Roberts,contact1658@example.com
2552,Martinez,Inc,contact2552@example.com
4847,"Tucker,",Mccoy and Marquez,contact4847@example.com
1553,"Martin,",Lee and Armstrong,contact1553@example.com
2632,"Dunn,",Moreno and Green,contact2632@example.com
1908,"Jackson,",Martinez and Ray,contact1908@example.com
5801,Patterson-Johnson,,contact5801@example.com
1935,Carlson-Hernandez,,contact1935@example.com
2609,Parker,PLC,contact2609@example.com
2740,Yu,and Sons,contact2740@example.com
1907,"Taylor,",Johnson and Hernandez,contact1907@example.com
1831,Mack,Ltd,contact1831@example.com
5177,Lamb-Sanders,,contact5177@example.com
6179,Williams-Ramirez,,contact6179@example.com
2917,Weaver,Ltd,contact2917@example.com
1486,Barnes-Williams,,contact1486@example.com
3735,"Richardson,",Woodward and Hansen,contact3735@example.com
3838,"Hunt,",Barker and Baker,contact3838@example.com
2430,"Ramos,",Moreno and Lewis,contact2430@example.com
2480,Harris,Inc,contact2480@example.com
3431,Peters-Nelson,,contact3431@example.com
1742,"Ferguson,",Murphy and Bright,contact1742@example.com
4628,Robinson,Group,contact4628@example.com
2385,Jordan-Wolfe,,contact2385@example.com
2213,Vargas-Cox,,contact2213@example.com
5188,Yang,and Sons,contact5188@example.com
3418,"Wilson,",Wilson and Mathis,contact3418@example.com
5637,"Wang,",Koch and Weaver,contact5637@example.com
3530,Cisneros,Ltd,contact3530@example.com
3731,Williams-Jones,,contact3731@example.com
3219,"Roberts,",Hinton and Williams,contact3219@example.com
2392,"Gonzalez,",Williams and Benson,contact2392@example.com
5103,"Hobbs,",Brown and Lee,contact5103@example.com
3992,"Russo,",Kim and Mccoy,contact3992@example.com
2442,"Howell,",Myers and Olson,contact2442@example.com
2913,Bailey,and Sons,contact2913@example.com
1631,Jensen-Brown,,contact1631@example.com
4073,Smith,Group,contact4073@example.com
4568,Murphy-Farrell,,contact4568@example.com
1830,Everett-Wolfe,,contact1830@example.com
2623,Young,PLC,contact2623@example.com
4327,Park-Goodman,,contact4327@example.com
3713,"York,",Barr and Grant,contact3713@example.com
2389,Little,Ltd,contact2389@example.com
5141,Brown,and Sons,contact5141@example.com
3522,"Payne,",Garrett and Thomas,contact3522@example.com
1334,Robinson,Group,contact1334@example.com
4721,Robinson-Kelly,,contact4721@example.com
3768,Kelly-Colon,,contact3768@example.com
1639,"Turner,",Scott and Gentry,contact1639@example.com
5149,Sanchez,Ltd,contact5149@example.com
2153,Giles-Smith,,contact2153@example.com
2767,Thompson-Moreno,,contact2767@example.com
5124,Murphy-Fox,,contact5124@example.com
2097,Rodriguez-Patterson,,contact2097@example.com
4796,Davis,Ltd,contact4796@example.com
5849,Nelson-Valdez,,contact5849@example.com
1495,Kelly,PLC,contact1495@example.com
2462,Nguyen,and Sons,contact2462@example.com
2280,Jones,PLC,contact2280@example.com
1877,Gilmore,LLC,contact1877@example.com
6108,Lee-Cobb,,contact6108@example.com
4427,"Jones,",Wiley and Robbins,contact4427@example.com
2881,"Martin,",Gates and Holt,contact2881@example.com
2339,"Bowen,",Davies and Burns,contact2339@example.com
5156,Nguyen,Inc,contact5156@example.com
4750,Walsh-Watts,,contact4750@example.com
4852,"Ray,",Li and Li,contact4852@example.com
5734,Murray,Ltd,contact5734@example.com
3801,Bradford-Silva,,contact3801@example.com
4474,Mora-Bradley,,contact4474@example.com
1992,"Cardenas,",Thompson and Carey,contact1992@example.com
5796,"Lopez,",Reid and Johnson,contact5796@example.com
1373,Fox-Williams,,contact1373@example.com
1879,"Taylor,",Wood and Taylor,contact1879@example.com
3072,King,Inc,contact3072@example.com
4561,"Cole,",Petty and Cameron,contact4561@example.com
5201,Mcclain,LLC,contact5201@example.com
5871,Sims-Gross,,contact5871@example.com
3041,Perez,Group,contact3041@example.com
5864,Haynes-Williams,,contact5864@example.com
3999,Ford,LLC,contact3999@example.com
4849,Moreno,Ltd,contact4849@example.com
5461,"Moore,",Cook and Wright,contact5461@example.com
5946,Ortega,LLC,contact5946@example.com
4508,"Silva,",Walker and Martin,contact4508@example.com
5096,"Huynh,",Gallegos and Mills,contact5096@example.com
5443,Anderson,LLC,contact5443@example.com
2165,Garza-Bryant,,contact2165@example.com
2125,Mays,LLC,contact2125@example.com
6141,Evans-Jones,,contact6141@example.com
5245,"Fischer,",Torres and Walker,contact5245@example.com
2190,"Tapia,",Kramer and Hicks,contact2190@example.com
2243,"Barnes,",Wilcox and Riley,contact2243@example.com
3336,Reyes,PLC,contact3336@example.com
3305,"Pace,",Simpson and Watkins,contact3305@example.com
6191,"Valenzuela,",Davidson and Castro,contact6191@example.com
1326,Dominguez-Owens,,contact1326@example.com
6159,Thomas-Simmons,,contact6159@example.com
2003,Beck-Knight,,contact2003@example.com
5881,Mccoy,Ltd,contact5881@example.com
1918,Dawson-Tyler,,contact1918@example.com
2157,Johns-Thomas,,contact2157@example.com
3149,"Quinn,",Cruz and Schmidt,contact3149@example.com
2444,Stewart,Inc,contact2444@example.com
6207,Moore,Group,contact6207@example.com
5580,Carson,PLC,contact5580@example.com
5942,"Cruz,",Hall and Mason,contact5942@example.com
1592,"Glass,",Baker and Jones,contact1592@example.com
2344,Marquez-Kerr,,contact2344@example.com
5995,Stone,PLC,contact5995@example.com
5022,Caldwell,PLC,contact5022@example.com
5991,Silva-Hawkins,,contact5991@example.com
4020,Gardner,Inc,contact4020@example.com
6028,Garcia,Group,contact6028@example.com
2790,Meyer-Avila,,contact2790@example.com
4033,"Nelson,",Smith and Graham,contact4033@example.com
1261,Garcia,Ltd,contact1261@example.com
1979,West-Stevens,,contact1979@example.com
2122,Clark-Conrad,,contact2122@example.com
4506,Fitzgerald,Group,contact4506@example.com
3016,"Hill,",Mccann and Moore,contact3016@example.com
3272,Edwards,LLC,contact3272@example.com
1375,Greer,and Sons,contact1375@example.com
4014,Martinez,PLC,contact4014@example.com
3199,Hunter-Logan,,contact3199@example.com
2184,Ramos,and Sons,contact2184@example.com
2170,Lane-Barber,,contact2170@example.com
1478,Lowery,Group,contact1478@example.com
6163,Guerrero-Griffin,,contact6163@example.com
1889,"Perez,",Reed and Lee,contact1889@example.com
5912,"Chen,",Pollard and Clarke,contact5912@example.com
2537,"Serrano,",Gallagher and Griffith,contact2537@example.com
2118,Callahan-Gilbert,,contact2118@example.com
3234,Logan-Miranda,,contact3234@example.com
3842,Rodriguez,PLC,contact3842@example.com
3032,Smith-Kennedy,,contact3032@example.com
3238,Mitchell-Lee,,contact3238@example.com
2059,Davis,Ltd,contact2059@example.com
5238,Rowland,PLC,contact5238@example.com
2578,Shaffer-Mason,,contact2578@example.com
4789,Matthews,LLC,contact4789@example.com
2357,Montgomery-Castro,,contact2357@example.com
1235,"Hale,",Pearson and Jenkins,contact1235@example.com
3558,Ramirez-Calderon,,contact3558@example.com
1707,Johnson-Morales,,contact1707@example.com
2842,Mathis-Rodriguez,,contact2842@example.com
5318,"Smith,",Mack and Williams,contact5318@example.com
1620,Johnson-Pace,,contact1620@example.com
4998,"Meza,",Kirby and Patel,contact4998@example.com
3111,Gonzalez-Snow,,contact3111@example.com
1424,Murphy,LLC,contact1424@example.com
3244,Taylor-Rowe,,contact3244@example.com
4643,Henderson,Ltd,contact4643@example.com
6132,Moss-Guzman,,contact6132@example.com
3790,Webb,Group,contact3790@example.com
1312,Brooks-Rodriguez,,contact1312@example.com
5686,Thomas,Ltd,contact5686@example.com
2111,Williams,and Sons,contact2111@example.com
5685,"Vega,",Chan and Carney,contact5685@example.com
1905,Byrd,Group,contact1905@example.com
3271,"Peterson,",Fletcher and Sanchez,contact3271@example.com
4178,Smith-Brown,,contact4178@example.com
3275,Vance-Glover,,contact3275@example.com
5713,Joyce,PLC,contact5713@example.com
3339,Kennedy-Miller,,contact3339@example.com
5585,White-Obrien,,contact5585@example.com
4407,"Stafford,",Hess and Raymond,contact4407@example.com
1941,"Jordan,",Schneider and Hall,contact1941@example.com
4690,"Rodriguez,",Cox and Rodriguez,contact4690@example.com
3607,Welch,Inc,contact3607@example.com
2670,Vasquez,Inc,contact2670@example.com
5261,Freeman-Ferguson,,contact5261@example.com
4121,"Houston,",Moore and Rogers,contact4121@example.com
4620,Small-Fuentes,,contact4620@example.com
4630,Reid-Day,,contact4630@example.com
3440,Wallace,LLC,contact3440@example.com
3572,Olson-Bishop,,contact3572@example.com
5306,"Rodriguez,",Anderson and Porter,contact5306@example.com
5122,"Perez,",Brown and Meyers,contact5122@example.com
1368,English-Mccullough,,contact1368@example.com
5370,Smith-Nguyen,,contact5370@example.com
5636,Harmon-Madden,,contact5636@example.com
6033,Walker-Taylor,,contact6033@example.com
3599,"Harris,",Medina and Mitchell,contact3599@example.com
5566,Williams,and Sons,contact5566@example.com
1873,Ball-Fisher,,contact1873@example.com
3904,"Page,",Holt and Mack,contact3904@example.com
4453,Landry,Group,contact4453@example.com
5481,Buckley,Group,contact5481@example.com
2987,Vincent,PLC,contact2987@example.com
2431,Watson-Douglas,,contact2431@example.com
4158,"Jones,",Casey and Jones,contact4158@example.com
3753,Alvarez-Bauer,,contact3753@example.com
4391,Martinez,LLC,contact4391@example.com
2026,Buck-Khan,,contact2026@example.com
4547,"Valdez,",Williams and Meyer,contact4547@example.com
2798,Alvarez-Andrews,,contact2798@example.com
4732,Stewart,and Sons,contact4732@example.com
5126,Dyer,Inc,contact5126@example.com
5151,"Anderson,",Williams and Cox,contact5151@example.com
2134,Solomon,PLC,contact2134@example.com
5786,Miller-Hubbard,,contact5786@example.com
5515,"Miranda,",Martinez and Lowery,contact5515@example.com
4530,"Munoz,",Cherry and Bell,contact4530@example.com
4088,Baker-Higgins,,contact4088@example.com
3667,"Johnson,",Turner and Carroll,contact3667@example.com
3286,Ward,PLC,contact3286@example.com
4804,"Bradley,",Beck and Mayo,contact4804@example.com
5768,"Levine,",Martin and Hernandez,contact5768@example.com
6098,"Gallegos,",Wagner and Gaines,contact6098@example.com
2508,"Hodges,",Smith and Kelly,contact2508@example.com
5779,Macias,Inc,contact5779@example.com
1717,Cook-Ortiz,,contact1717@example.com
3368,Jordan-Fischer,,contact3368@example.com
4265,Pierce-Ramirez,,contact4265@example.com
4455,Howell,and Sons,contact4455@example.com
2940,"Garcia,",Dunn and Richardson,contact2940@example.com
6144,Lawson,and Sons,contact6144@example.com
3657,Porter-Hicks,,contact3657@example.com
1537,Rodriguez-Hansen,,contact1537@example.com
2116,Williams,LLC,contact2116@example.com
5102,"Cooper,",Stanley and Bryant,contact5102@example.com
5815,"Miller,",Glenn and Adams,contact5815@example.com
4250,"Cole,",Salazar and Moreno,contact4250@example.com
4533,Jones-Ryan,,contact4533@example.com
3329,"Hood,",Perez and Meadows,contact3329@example.com
3606,Bright,and Sons,contact3606@example.com
4749,Brady,Ltd,contact4749@example.com
2222,Collier,LLC,contact2222@example.com
1939,"Campbell,",Thomas and Obrien,contact1939@example.com
2456,Moses-Terry,,contact2456@example.com
2794,Williams,and Sons,contact2794@example.com
2648,"Miranda,",Gray and Hale,contact2648@example.com
2545,"Ayala,",Crawford and Taylor,contact2545@example.com
3273,Martinez,Ltd,contact3273@example.com
6155,Lee,PLC,contact6155@example.com
6064,"Young,",Ramsey and Powell,contact6064@example.com
1729,Lewis,and Sons,contact1729@example.com
4969,Davis-Johnson,,contact4969@example.com
3402,Stevenson-Thompson,,contact3402@example.com
2810,"Ellis,",Smith and Armstrong,contact2810@example.com
2217,Jackson-Brown,,contact2217@example.com
5140,"Kane,",Pruitt and Rivera,contact5140@example.com
4497,"Wood,",Buckley and Meza,contact4497@example.com
5100,Brown-Williams,,contact5100@example.com
3390,Hansen-Austin,,contact3390@example.com
1926,Santana-George,,contact1926@example.com
3264,Davis,LLC,contact3264@example.com
2573,"Vazquez,",Ochoa and Clark,contact2573@example.com
3628,Chung-Nguyen,,contact3628@example.com
3826,Mueller-Harmon,,contact3826@example.com
5983,"Dixon,",Perez and Banks,contact5983@example.com
5678,Estrada,Group,contact5678@example.com
2093,Lutz,Group,contact2093@example.com
5333,Ortiz,Inc,contact5333@example.com
5139,"Craig,",Ellis and Miller,contact5139@example.com
3173,Charles,Inc,contact3173@example.com
3333,White-Rosario,,contact3333@example.com
2262,Simmons-Villarreal,,contact2262@example.com
1531,Strickland,Group,contact1531@example.com
4881,Lynch,Ltd,contact4881@example.com
3928,Sanders,LLC,contact3928@example.com
1803,Cooper,LLC,contact1803@example.com
2321,Palmer,Ltd,contact2321@example.com
6234,Santos,Group,contact6234@example.com
1422,"Christian,",Kim and Jimenez,contact1422@example.com
2660,"Williams,",Price and Hurley,contact2660@example.com
5361,"Anderson,",Parks and Estrada,contact5361@example.com
3420,Collins-Martinez,,contact3420@example.com
4337,Barrett,Inc,contact4337@example.com
2338,Adams-Rollins,,contact2338@example.com
4140,Wright-Bryant,,contact4140@example.com
2373,Berry-Cannon,,contact2373@example.com
1344,Davis-Gonzalez,,contact1344@example.com
2141,Best-Young,,contact2141@example.com
3415,"Powers,",Smith and Deleon,contact3415@example.com
5696,Hogan,Group,contact5696@example.com
1798,"Wang,",Silva and Byrd,contact1798@example.com
1657,Parker-Morris,,contact1657@example.com
3651,"Rodriguez,",Johnson and Jackson,contact3651@example.com
3574,Haynes,PLC,contact3574@example.com
6063,Hayes,Group,contact6063@example.com
2404,"White,",Pena and Calhoun,contact2404@example.com
2705,Bryant-Pope,,contact2705@example.com
5059,"Gates,",Li and Thompson,contact5059@example.com
5466,King-Morris,,contact5466@example.com
5821,"Carter,",Cole and Curtis,contact5821@example.com
5385,Sanchez-Parsons,,contact5385@example.com
3506,Rivera-Pearson,,contact3506@example.com
5427,"Ramirez,",Padilla and Barrera,contact5427@example.com
6142,Riggs,Group,contact6142@example.com
2873,Clements,Ltd,contact2873@example.com
3916,Cooper,Inc,contact3916@example.com
1687,Jones-Gonzalez,,contact1687@example.com
1542,Fox,Ltd,contact1542@example.com
3087,"Green,",Murphy and Webb,contact3087@example.com
3857,Stevenson,PLC,contact3857@example.com
5921,Soto-Anthony,,contact5921@example.com
3144,Wise,and Sons,contact3144@example.com
2676,Butler-Barr,,contact2676@example.com
3646,"Wilson,",Jefferson and Anderson,contact3646@example.com
1321,Brown-Oliver,,contact1321@example.com
1399,Davis-Gardner,,contact1399@example.com
3169,Dawson,Group,contact3169@example.com
2058,Turner-Terrell,,contact2058@example.com
1300,"Hall,",Buchanan and Benton,contact1300@example.com
2075,"Lowery,",Hayden and Cruz,contact2075@example.com
2984,"Mora,",Miller and Harper,contact2984@example.com
4768,Espinoza,Group,contact4768@example.com
3682,"Davis,",Crawford and Lopez,contact3682@example.com
5901,"Richards,",Stevens and Fleming,contact5901@example.com
3540,Brown,Ltd,contact3540@example.com
2225,"Tapia,",Sandoval and Hurley,contact2225@example.com
1485,Allen,Inc,contact1485@example.com
5343,"Williams,",Johnson and Campbell,contact5343@example.com
5594,Wiggins,Ltd,contact5594@example.com
2482,Luna-Horne,,contact2482@example.com
2706,Allen,Inc,contact2706@example.com
4861,"Peterson,",Gonzalez and Spencer,contact4861@example.com
2961,Walter,Inc,contact2961@example.com
3043,"Sanders,",Farley and Huffman,contact3043@example.com
6103,"Hall,",Holmes and Walker,contact6103@example.com
4708,Smith-Powell,,contact4708@example.com
4395,Smith-Hill,,contact4395@example.com
4912,Wright,LLC,contact4912@example.com
2030,"Williams,",Orozco and Gomez,contact2030@example.com
5235,Peterson,Ltd,contact5235@example.com
5001,Cummings-Hayes,,contact5001@example.com
4093,Boyle,Ltd,contact4093@example.com
2576,"Henderson,",Parker and Diaz,contact2576@example.com
6122,Moss-Obrien,,contact6122@example.com
2813,Wood,Inc,contact2813@example.com
3737,"Riley,",Cohen and Goodman,contact3737@example.com
2803,"Green,",Robinson and Ho,contact2803@example.com
5508,Black-Graham,,contact5508@example.com
3850,Robbins,Group,contact3850@example.com
4220,"Mason,",Case and May,contact4220@example.com
4532,"Harris,",Russell and Mitchell,contact4532@example.com
6013,Rodriguez-Robinson,,contact6013@example.com
3396,"Peck,",Higgins and Smith,contact3396@example.com
4401,Nunez-King,,contact4401@example.com
2981,Davis,and Sons,contact2981@example.com
4467,Howard-Douglas,,contact4467@example.com
1377,Gonzalez-White,,contact1377@example.com
5036,Lopez-King,,contact5036@example.com
5761,Glover-Nelson,,contact5761@example.com
3699,Garner,and Sons,contact3699@example.com
4519,"Sellers,",Roach and Garrison,contact4519@example.com
5395,"Herrera,",Bennett and Silva,contact5395@example.com
3057,"Thomas,",Clay and Mendoza,contact3057@example.com
2741,Ayala,Group,contact2741@example.com
1675,"Huerta,",Roberts and Dickerson,contact1675@example.com
2712,Johnson,Group,contact2712@example.com
4527,"Bailey,",Nguyen and Martinez,contact4527@example.com
1722,"Williams,",Martin and Meyer,contact1722@example.com
4330,Huff-Johnson,,contact4330@example.com
5219,Diaz-Little,,contact5219@example.com
4997,Freeman-French,,contact4997@example.com
2239,Beck-Weber,,contact2239@example.com
4587,Lewis-Jacobson,,contact4587@example.com
4113,Logan-Curtis,,contact4113@example.com
4762,"Chan,",Washington and Callahan,contact4762@example.com
5242,Wilson,Group,contact5242@example.com
5765,"Gardner,",Ryan and Gutierrez,contact5765@example.com
2185,Hernandez,Inc,contact2185@example.com
5500,Ortiz-Roberts,,contact5500@example.com
3494,Ramirez,LLC,contact3494@example.com
3924,Morrow,Inc,contact3924@example.com
3521,Erickson-Rogers,,contact3521@example.com
5262,"Leach,",Rich and Price,contact5262@example.com
3684,Manning-Hamilton,,contact3684@example.com
5784,Butler,LLC,contact5784@example.com
1498,Ball,LLC,contact1498@example.com
6073,"Taylor,",Santiago and Flores,contact6073@example.com
4939,"Hernandez,",Norton and Kelley,contact4939@example.com
